kernel_id,run_name,mode,kname,status,t_arrival,t_scheduled,t_configured,t_completed
0,sim_run,monolithic,kernel_0,COMPLETED,0,100,3100,3565
1,sim_run,monolithic,kernel_1,COMPLETED,1,3565,9565,1934305
2,sim_run,monolithic,kernel_2,COMPLETED,2,1934305,1937305,1937770
3,sim_run,monolithic,kernel_3,COMPLETED,3,1937770,1943770,3868510
4,sim_run,monolithic,kernel_4,COMPLETED,4,3868510,3874510,5799250
5,sim_run,monolithic,kernel_5,COMPLETED,5,5799250,5802250,5802715
6,sim_run,monolithic,kernel_6,COMPLETED,6,5802715,5808715,7733455
7,sim_run,monolithic,kernel_7,COMPLETED,7,7733455,7739455,9664195
8,sim_run,monolithic,kernel_8,COMPLETED,8,9664195,9667195,9667660
9,sim_run,monolithic,kernel_9,COMPLETED,9,9667660,9673660,11598400
10,sim_run,monolithic,kernel_10,COMPLETED,10,11598400,11601400,11601865
11,sim_run,monolithic,kernel_11,COMPLETED,11,11601865,11604865,11605330
12,sim_run,monolithic,kernel_12,COMPLETED,12,11605330,11608330,11608795
13,sim_run,monolithic,kernel_13,COMPLETED,13,11608795,11611795,11612260
14,sim_run,monolithic,kernel_14,COMPLETED,14,11612260,11618260,13543000
15,sim_run,monolithic,kernel_15,COMPLETED,15,13543000,13546000,13546465
16,sim_run,monolithic,kernel_16,COMPLETED,16,13546465,13549465,13549930
17,sim_run,monolithic,kernel_17,COMPLETED,17,13549930,13555930,15480670
18,sim_run,monolithic,kernel_18,COMPLETED,18,15480670,15483670,15484135
19,sim_run,monolithic,kernel_19,COMPLETED,19,15484135,15490135,17414875
20,sim_run,monolithic,kernel_20,COMPLETED,20,17414875,17417875,17418340
21,sim_run,monolithic,kernel_21,COMPLETED,21,17418340,17424340,19349080
22,sim_run,monolithic,kernel_22,COMPLETED,22,19349080,19352080,19352545
23,sim_run,monolithic,kernel_23,COMPLETED,23,19352545,19355545,19356010
24,sim_run,monolithic,kernel_24,COMPLETED,24,19356010,19359010,19359475
25,sim_run,monolithic,kernel_25,COMPLETED,25,19359475,19362475,19362940
26,sim_run,monolithic,kernel_26,COMPLETED,26,19362940,19368940,21293680
27,sim_run,monolithic,kernel_27,COMPLETED,27,21293680,21299680,23224420
28,sim_run,monolithic,kernel_28,COMPLETED,28,23224420,23230420,25155160
29,sim_run,monolithic,kernel_29,COMPLETED,29,25155160,25161160,27085900
30,sim_run,monolithic,kernel_30,COMPLETED,30,27085900,27088900,27089365
31,sim_run,monolithic,kernel_31,COMPLETED,31,27089365,27092365,27092830
32,sim_run,monolithic,kernel_32,COMPLETED,32,27092830,27095830,27096295
33,sim_run,monolithic,kernel_33,COMPLETED,33,27096295,27099295,27099760
34,sim_run,monolithic,kernel_34,COMPLETED,34,27099760,27102760,27103225
35,sim_run,monolithic,kernel_35,COMPLETED,35,27103225,27109225,29033965
36,sim_run,monolithic,kernel_36,COMPLETED,36,29033965,29039965,30964705
37,sim_run,monolithic,kernel_37,COMPLETED,37,30964705,30967705,30968170
38,sim_run,monolithic,kernel_38,COMPLETED,38,30968170,30971170,30971635
39,sim_run,monolithic,kernel_39,COMPLETED,39,30971635,30977635,32902375
40,sim_run,monolithic,kernel_40,COMPLETED,40,32902375,32905375,32905840
41,sim_run,monolithic,kernel_41,COMPLETED,41,32905840,32908840,32909305
42,sim_run,monolithic,kernel_42,COMPLETED,42,32909305,32915305,34840045
43,sim_run,monolithic,kernel_43,COMPLETED,43,34840045,34846045,36770785
44,sim_run,monolithic,kernel_44,COMPLETED,44,36770785,36773785,36774250
45,sim_run,monolithic,kernel_45,COMPLETED,45,36774250,36780250,38704990
46,sim_run,monolithic,kernel_46,COMPLETED,46,38704990,38710990,40635730
47,sim_run,monolithic,kernel_47,COMPLETED,47,40635730,40638730,40639195
48,sim_run,monolithic,kernel_48,COMPLETED,48,40639195,40642195,40642660
49,sim_run,monolithic,kernel_49,COMPLETED,49,40642660,40645660,40646125
50,sim_run,monolithic,kernel_50,COMPLETED,50,40646125,40649125,40649590
51,sim_run,monolithic,kernel_51,COMPLETED,51,40649590,40655590,42580330
52,sim_run,monolithic,kernel_52,COMPLETED,52,42580330,42583330,42583795
53,sim_run,monolithic,kernel_53,COMPLETED,53,42583795,42586795,42587260
54,sim_run,monolithic,kernel_54,COMPLETED,54,42587260,42590260,42590725
55,sim_run,monolithic,kernel_55,COMPLETED,55,42590725,42596725,44521465
56,sim_run,monolithic,kernel_56,COMPLETED,56,44521465,44524465,44524930
57,sim_run,monolithic,kernel_57,COMPLETED,57,44524930,44527930,44528395
58,sim_run,monolithic,kernel_58,COMPLETED,58,44528395,44531395,44531860
59,sim_run,monolithic,kernel_59,COMPLETED,59,44531860,44537860,46462600
60,sim_run,monolithic,kernel_60,COMPLETED,60,46462600,46465600,46466065
61,sim_run,monolithic,kernel_61,COMPLETED,61,46466065,46472065,48396805
62,sim_run,monolithic,kernel_62,COMPLETED,62,48396805,48402805,50327545
63,sim_run,monolithic,kernel_63,COMPLETED,63,50327545,50333545,52258285
64,sim_run,monolithic,kernel_64,COMPLETED,64,52258285,52264285,54189025
65,sim_run,monolithic,kernel_65,COMPLETED,65,54189025,54192025,54192490
66,sim_run,monolithic,kernel_66,COMPLETED,66,54192490,54198490,56123230
67,sim_run,monolithic,kernel_67,COMPLETED,67,56123230,56129230,58053970
68,sim_run,monolithic,kernel_68,COMPLETED,68,58053970,58056970,58057435
69,sim_run,monolithic,kernel_69,COMPLETED,69,58057435,58063435,59988175
70,sim_run,monolithic,kernel_70,COMPLETED,70,59988175,59994175,61918915
71,sim_run,monolithic,kernel_71,COMPLETED,71,61918915,61921915,61922380
72,sim_run,monolithic,kernel_72,COMPLETED,72,61922380,61928380,63853120
73,sim_run,monolithic,kernel_73,COMPLETED,73,63853120,63859120,65783860
74,sim_run,monolithic,kernel_74,COMPLETED,74,65783860,65786860,65787325
75,sim_run,monolithic,kernel_75,COMPLETED,75,65787325,65790325,65790790
76,sim_run,monolithic,kernel_76,COMPLETED,76,65790790,65793790,65794255
77,sim_run,monolithic,kernel_77,COMPLETED,77,65794255,65800255,67724995
78,sim_run,monolithic,kernel_78,COMPLETED,78,67724995,67727995,67728460
79,sim_run,monolithic,kernel_79,COMPLETED,79,67728460,67731460,67731925
80,sim_run,monolithic,kernel_80,COMPLETED,80,67731925,67734925,67735390
81,sim_run,monolithic,kernel_81,COMPLETED,81,67735390,67738390,67738855
82,sim_run,monolithic,kernel_82,COMPLETED,82,67738855,67741855,67742320
83,sim_run,monolithic,kernel_83,COMPLETED,83,67742320,67748320,69673060
84,sim_run,monolithic,kernel_84,COMPLETED,84,69673060,69676060,69676525
85,sim_run,monolithic,kernel_85,COMPLETED,85,69676525,69679525,69679990
86,sim_run,monolithic,kernel_86,COMPLETED,86,69679990,69682990,69683455
87,sim_run,monolithic,kernel_87,COMPLETED,87,69683455,69686455,69686920
88,sim_run,monolithic,kernel_88,COMPLETED,88,69686920,69689920,69690385
89,sim_run,monolithic,kernel_89,COMPLETED,89,69690385,69696385,71621125
90,sim_run,monolithic,kernel_90,COMPLETED,90,71621125,71624125,71624590
91,sim_run,monolithic,kernel_91,COMPLETED,91,71624590,71627590,71628055
92,sim_run,monolithic,kernel_92,COMPLETED,92,71628055,71634055,73558795
93,sim_run,monolithic,kernel_93,COMPLETED,93,73558795,73561795,73562260
94,sim_run,monolithic,kernel_94,COMPLETED,94,73562260,73565260,73565725
95,sim_run,monolithic,kernel_95,COMPLETED,95,73565725,73568725,73569190
96,sim_run,monolithic,kernel_96,COMPLETED,96,73569190,73572190,73572655
97,sim_run,monolithic,kernel_97,COMPLETED,97,73572655,73575655,73576120
98,sim_run,monolithic,kernel_98,COMPLETED,98,73576120,73582120,75506860
99,sim_run,monolithic,kernel_99,COMPLETED,99,75506860,75509860,75510325
100,sim_run,monolithic,kernel_100,COMPLETED,100,75510325,75513325,75513790
101,sim_run,monolithic,kernel_101,COMPLETED,101,75513790,75519790,77444530
102,sim_run,monolithic,kernel_102,COMPLETED,102,77444530,77450530,79375270
103,sim_run,monolithic,kernel_103,COMPLETED,103,79375270,79378270,79378735
104,sim_run,monolithic,kernel_104,COMPLETED,104,79378735,79384735,81309475
105,sim_run,monolithic,kernel_105,COMPLETED,105,81309475,81315475,83240215
106,sim_run,monolithic,kernel_106,COMPLETED,106,83240215,83243215,83243680
107,sim_run,monolithic,kernel_107,COMPLETED,107,83243680,83249680,85174420
108,sim_run,monolithic,kernel_108,COMPLETED,108,85174420,85180420,87105160
109,sim_run,monolithic,kernel_109,COMPLETED,109,87105160,87108160,87108625
110,sim_run,monolithic,kernel_110,COMPLETED,110,87108625,87111625,87112090
111,sim_run,monolithic,kernel_111,COMPLETED,111,87112090,87118090,89042830
112,sim_run,monolithic,kernel_112,COMPLETED,112,89042830,89045830,89046295
113,sim_run,monolithic,kernel_113,COMPLETED,113,89046295,89052295,90977035
114,sim_run,monolithic,kernel_114,COMPLETED,114,90977035,90980035,90980500
115,sim_run,monolithic,kernel_115,COMPLETED,115,90980500,90983500,90983965
116,sim_run,monolithic,kernel_116,COMPLETED,116,90983965,90986965,90987430
117,sim_run,monolithic,kernel_117,COMPLETED,117,90987430,90990430,90990895
118,sim_run,monolithic,kernel_118,COMPLETED,118,90990895,90996895,92921635
119,sim_run,monolithic,kernel_119,COMPLETED,119,92921635,92924635,92925100
120,sim_run,monolithic,kernel_120,COMPLETED,120,92925100,92928100,92928565
121,sim_run,monolithic,kernel_121,COMPLETED,121,92928565,92931565,92932030
122,sim_run,monolithic,kernel_122,COMPLETED,122,92932030,92935030,92935495
123,sim_run,monolithic,kernel_123,COMPLETED,123,92935495,92938495,92938960
124,sim_run,monolithic,kernel_124,COMPLETED,124,92938960,92941960,92942425
125,sim_run,monolithic,kernel_125,COMPLETED,125,92942425,92945425,92945890
126,sim_run,monolithic,kernel_126,COMPLETED,126,92945890,92951890,94876630
127,sim_run,monolithic,kernel_127,COMPLETED,127,94876630,94882630,96807370
0,sim_run,tiled,kernel_0,COMPLETED,0,100,3100,4495
1,sim_run,tiled,kernel_1,COMPLETED,1,101,6101,5780321
2,sim_run,tiled,kernel_2,COMPLETED,2,102,3102,4497
3,sim_run,tiled,kernel_3,COMPLETED,3,103,6103,5780323
4,sim_run,tiled,kernel_4,COMPLETED,4,104,6104,5780324
5,sim_run,tiled,kernel_5,COMPLETED,5,105,3105,4500
6,sim_run,tiled,kernel_6,COMPLETED,6,106,6106,5780326
7,sim_run,tiled,kernel_7,COMPLETED,7,107,6107,5780327
8,sim_run,tiled,kernel_8,COMPLETED,8,108,3108,4503
9,sim_run,tiled,kernel_9,COMPLETED,9,109,6109,5780329
10,sim_run,tiled,kernel_10,COMPLETED,10,4495,7495,8890
11,sim_run,tiled,kernel_11,COMPLETED,11,4497,7497,8892
12,sim_run,tiled,kernel_12,COMPLETED,12,4500,7500,8895
13,sim_run,tiled,kernel_13,COMPLETED,13,4503,7503,8898
14,sim_run,tiled,kernel_14,COMPLETED,14,5780321,5786321,11560541
15,sim_run,tiled,kernel_15,COMPLETED,15,5780321,5783321,5784716
16,sim_run,tiled,kernel_16,COMPLETED,16,5780321,5783321,5784716
17,sim_run,tiled,kernel_17,COMPLETED,17,5780323,5786323,11560543
18,sim_run,tiled,kernel_18,COMPLETED,18,5780323,5783323,5784718
19,sim_run,tiled,kernel_19,COMPLETED,19,5780324,5786324,11560544
20,sim_run,tiled,kernel_20,COMPLETED,20,5780324,5783324,5784719
21,sim_run,tiled,kernel_21,COMPLETED,21,5780326,5786326,11560546
22,sim_run,tiled,kernel_22,COMPLETED,22,5780327,5783327,5784722
23,sim_run,tiled,kernel_23,COMPLETED,23,5780327,5783327,5784722
24,sim_run,tiled,kernel_24,COMPLETED,24,5780329,5783329,5784724
25,sim_run,tiled,kernel_25,COMPLETED,25,5780329,5783329,5784724
26,sim_run,tiled,kernel_26,COMPLETED,26,5784718,5790718,11564938
27,sim_run,tiled,kernel_27,COMPLETED,27,5784722,5790722,11564942
28,sim_run,tiled,kernel_28,COMPLETED,28,5784724,5790724,11564944
29,sim_run,tiled,kernel_29,COMPLETED,29,11560543,11566543,17340763
30,sim_run,tiled,kernel_30,COMPLETED,30,11560543,11563543,11564938
31,sim_run,tiled,kernel_31,COMPLETED,31,11560543,11563543,11564938
32,sim_run,tiled,kernel_32,COMPLETED,32,11560543,11563543,11564938
33,sim_run,tiled,kernel_33,COMPLETED,33,11560543,11563543,11564938
34,sim_run,tiled,kernel_34,COMPLETED,34,11560544,11563544,11564939
35,sim_run,tiled,kernel_35,COMPLETED,35,11560546,11566546,17340766
36,sim_run,tiled,kernel_36,COMPLETED,36,11564938,11570938,17345158
37,sim_run,tiled,kernel_37,COMPLETED,37,11564938,11567938,11569333
38,sim_run,tiled,kernel_38,COMPLETED,38,11564938,11567938,11569333
39,sim_run,tiled,kernel_39,COMPLETED,39,11564938,11570938,17345158
40,sim_run,tiled,kernel_40,COMPLETED,40,11564938,11567938,11569333
41,sim_run,tiled,kernel_41,COMPLETED,41,11564939,11567939,11569334
42,sim_run,tiled,kernel_42,COMPLETED,42,11564944,11570944,17345164
43,sim_run,tiled,kernel_43,COMPLETED,43,11564944,11570944,17345164
44,sim_run,tiled,kernel_44,COMPLETED,44,11569333,11572333,11573728
45,sim_run,tiled,kernel_45,COMPLETED,45,17340763,17346763,23120983
46,sim_run,tiled,kernel_46,COMPLETED,46,17340763,17346763,23120983
47,sim_run,tiled,kernel_47,COMPLETED,47,17340763,17343763,17345158
48,sim_run,tiled,kernel_48,COMPLETED,48,17340763,17343763,17345158
49,sim_run,tiled,kernel_49,COMPLETED,49,17340766,17343766,17345161
50,sim_run,tiled,kernel_50,COMPLETED,50,17340766,17343766,17345161
51,sim_run,tiled,kernel_51,COMPLETED,51,17345158,17351158,23125378
52,sim_run,tiled,kernel_52,COMPLETED,52,17345158,17348158,17349553
53,sim_run,tiled,kernel_53,COMPLETED,53,17345158,17348158,17349553
54,sim_run,tiled,kernel_54,COMPLETED,54,17345158,17348158,17349553
55,sim_run,tiled,kernel_55,COMPLETED,55,17345164,17351164,23125384
56,sim_run,tiled,kernel_56,COMPLETED,56,17345164,17348164,17349559
57,sim_run,tiled,kernel_57,COMPLETED,57,17345164,17348164,17349559
58,sim_run,tiled,kernel_58,COMPLETED,58,17345164,17348164,17349559
59,sim_run,tiled,kernel_59,COMPLETED,59,17345164,17351164,23125384
60,sim_run,tiled,kernel_60,COMPLETED,60,17349553,17352553,17353948
61,sim_run,tiled,kernel_61,COMPLETED,61,17349559,17355559,23129779
62,sim_run,tiled,kernel_62,COMPLETED,62,17349559,17355559,23129779
63,sim_run,tiled,kernel_63,COMPLETED,63,23120983,23126983,28901203
64,sim_run,tiled,kernel_64,COMPLETED,64,23125378,23131378,28905598
65,sim_run,tiled,kernel_65,COMPLETED,65,23125378,23128378,23129773
66,sim_run,tiled,kernel_66,COMPLETED,66,23125384,23131384,28905604
67,sim_run,tiled,kernel_67,COMPLETED,67,23125384,23131384,28905604
68,sim_run,tiled,kernel_68,COMPLETED,68,23125384,23128384,23129779
69,sim_run,tiled,kernel_69,COMPLETED,69,23125384,23131384,28905604
70,sim_run,tiled,kernel_70,COMPLETED,70,23129779,23135779,28909999
71,sim_run,tiled,kernel_71,COMPLETED,71,23129779,23132779,23134174
72,sim_run,tiled,kernel_72,COMPLETED,72,23134174,23140174,28914394
73,sim_run,tiled,kernel_73,COMPLETED,73,23134174,23140174,28914394
74,sim_run,tiled,kernel_74,COMPLETED,74,28901203,28904203,28905598
75,sim_run,tiled,kernel_75,COMPLETED,75,28901203,28904203,28905598
76,sim_run,tiled,kernel_76,COMPLETED,76,28905598,28908598,28909993
77,sim_run,tiled,kernel_77,COMPLETED,77,28905598,28911598,34685818
78,sim_run,tiled,kernel_78,COMPLETED,78,28905598,28908598,28909993
79,sim_run,tiled,kernel_79,COMPLETED,79,28905604,28908604,28909999
80,sim_run,tiled,kernel_80,COMPLETED,80,28905604,28908604,28909999
81,sim_run,tiled,kernel_81,COMPLETED,81,28905604,28908604,28909999
82,sim_run,tiled,kernel_82,COMPLETED,82,28905604,28908604,28909999
83,sim_run,tiled,kernel_83,COMPLETED,83,28909993,28915993,34690213
84,sim_run,tiled,kernel_84,COMPLETED,84,28909993,28912993,28914388
85,sim_run,tiled,kernel_85,COMPLETED,85,28909993,28912993,28914388
86,sim_run,tiled,kernel_86,COMPLETED,86,28909999,28912999,28914394
87,sim_run,tiled,kernel_87,COMPLETED,87,28909999,28912999,28914394
88,sim_run,tiled,kernel_88,COMPLETED,88,28909999,28912999,28914394
89,sim_run,tiled,kernel_89,COMPLETED,89,28914388,28920388,34694608
90,sim_run,tiled,kernel_90,COMPLETED,90,28914388,28917388,28918783
91,sim_run,tiled,kernel_91,COMPLETED,91,28914388,28917388,28918783
92,sim_run,tiled,kernel_92,COMPLETED,92,28914394,28920394,34694614
93,sim_run,tiled,kernel_93,COMPLETED,93,28914394,28917394,28918789
94,sim_run,tiled,kernel_94,COMPLETED,94,28914394,28917394,28918789
95,sim_run,tiled,kernel_95,COMPLETED,95,28914394,28917394,28918789
96,sim_run,tiled,kernel_96,COMPLETED,96,28914394,28917394,28918789
97,sim_run,tiled,kernel_97,COMPLETED,97,28914394,28917394,28918789
98,sim_run,tiled,kernel_98,COMPLETED,98,28918783,28924783,34699003
99,sim_run,tiled,kernel_99,COMPLETED,99,28918783,28921783,28923178
100,sim_run,tiled,kernel_100,COMPLETED,100,28918789,28921789,28923184
101,sim_run,tiled,kernel_101,COMPLETED,101,28918789,28924789,34699009
102,sim_run,tiled,kernel_102,COMPLETED,102,34685818,34691818,40466038
103,sim_run,tiled,kernel_103,COMPLETED,103,34685818,34688818,34690213
104,sim_run,tiled,kernel_104,COMPLETED,104,34685818,34691818,40466038
105,sim_run,tiled,kernel_105,COMPLETED,105,34690213,34696213,40470433
106,sim_run,tiled,kernel_106,COMPLETED,106,34690213,34693213,34694608
107,sim_run,tiled,kernel_107,COMPLETED,107,34694608,34700608,40474828
108,sim_run,tiled,kernel_108,COMPLETED,108,34694614,34700614,40474834
109,sim_run,tiled,kernel_109,COMPLETED,109,34694614,34697614,34699009
110,sim_run,tiled,kernel_110,COMPLETED,110,34694614,34697614,34699009
111,sim_run,tiled,kernel_111,COMPLETED,111,34699009,34705009,40479229
112,sim_run,tiled,kernel_112,COMPLETED,112,34699009,34702009,34703404
113,sim_run,tiled,kernel_113,COMPLETED,113,40466038,40472038,46246258
114,sim_run,tiled,kernel_114,COMPLETED,114,40466038,40469038,40470433
115,sim_run,tiled,kernel_115,COMPLETED,115,40466038,40469038,40470433
116,sim_run,tiled,kernel_116,COMPLETED,116,40466038,40469038,40470433
117,sim_run,tiled,kernel_117,COMPLETED,117,40466038,40469038,40470433
118,sim_run,tiled,kernel_118,COMPLETED,118,40466038,40472038,46246258
119,sim_run,tiled,kernel_119,COMPLETED,119,40470433,40473433,40474828
120,sim_run,tiled,kernel_120,COMPLETED,120,40470433,40473433,40474828
121,sim_run,tiled,kernel_121,COMPLETED,121,40470433,40473433,40474828
122,sim_run,tiled,kernel_122,COMPLETED,122,40470433,40473433,40474828
123,sim_run,tiled,kernel_123,COMPLETED,123,40470433,40473433,40474828
124,sim_run,tiled,kernel_124,COMPLETED,124,40470433,40473433,40474828
125,sim_run,tiled,kernel_125,COMPLETED,125,40474828,40477828,40479223
126,sim_run,tiled,kernel_126,COMPLETED,126,40474828,40480828,46255048
127,sim_run,tiled,kernel_127,COMPLETED,127,40474828,40480828,46255048
0,sim_run,stateless(1.0),kernel_0,COMPLETED,0,100,3100,4495
1,sim_run,stateless(1.0),kernel_1,COMPLETED,1,101,6101,5789118
2,sim_run,stateless(1.0),kernel_2,COMPLETED,2,102,3102,4497
3,sim_run,stateless(1.0),kernel_3,COMPLETED,3,103,6103,5789118
4,sim_run,stateless(1.0),kernel_4,COMPLETED,4,104,6104,5789118
5,sim_run,stateless(1.0),kernel_5,COMPLETED,5,105,3105,4500
6,sim_run,stateless(1.0),kernel_6,COMPLETED,6,106,6106,5789118
7,sim_run,stateless(1.0),kernel_7,COMPLETED,7,107,6107,5789118
8,sim_run,stateless(1.0),kernel_8,COMPLETED,8,108,3108,4503
9,sim_run,stateless(1.0),kernel_9,COMPLETED,9,109,6109,5789118
10,sim_run,stateless(1.0),kernel_10,COMPLETED,10,4495,7495,8890
11,sim_run,stateless(1.0),kernel_11,COMPLETED,11,4497,7497,8892
12,sim_run,stateless(1.0),kernel_12,COMPLETED,12,4500,7500,8895
13,sim_run,stateless(1.0),kernel_13,COMPLETED,13,4503,7503,8898
14,sim_run,stateless(1.0),kernel_14,COMPLETED,14,8898,14898,5789118
15,sim_run,stateless(1.0),kernel_15,COMPLETED,15,8898,11898,13293
16,sim_run,stateless(1.0),kernel_16,COMPLETED,16,8898,11898,13293
17,sim_run,stateless(1.0),kernel_17,COMPLETED,17,13293,19293,5793513
18,sim_run,stateless(1.0),kernel_18,COMPLETED,18,5789118,5792118,5793513
19,sim_run,stateless(1.0),kernel_19,COMPLETED,19,5789118,5795118,11569338
20,sim_run,stateless(1.0),kernel_20,COMPLETED,20,5789118,5792118,5793513
21,sim_run,stateless(1.0),kernel_21,COMPLETED,21,5789118,5795118,11569338
22,sim_run,stateless(1.0),kernel_22,COMPLETED,22,5789118,5792118,5793513
23,sim_run,stateless(1.0),kernel_23,COMPLETED,23,5789118,5792118,5793513
24,sim_run,stateless(1.0),kernel_24,COMPLETED,24,5789118,5792118,5793513
25,sim_run,stateless(1.0),kernel_25,COMPLETED,25,5789118,5792118,5793513
26,sim_run,stateless(1.0),kernel_26,COMPLETED,26,5789118,5795118,11569338
27,sim_run,stateless(1.0),kernel_27,COMPLETED,27,5789118,5795118,11569338
28,sim_run,stateless(1.0),kernel_28,COMPLETED,28,5793513,5799513,11573733
29,sim_run,stateless(1.0),kernel_29,COMPLETED,29,5793513,5799513,11573733
30,sim_run,stateless(1.0),kernel_30,COMPLETED,30,5793513,5796513,5797908
31,sim_run,stateless(1.0),kernel_31,COMPLETED,31,5793513,5796513,5797908
32,sim_run,stateless(1.0),kernel_32,COMPLETED,32,5793513,5796513,5797908
33,sim_run,stateless(1.0),kernel_33,COMPLETED,33,5793513,5796513,5797908
34,sim_run,stateless(1.0),kernel_34,COMPLETED,34,5797908,5800908,5802303
35,sim_run,stateless(1.0),kernel_35,COMPLETED,35,5797908,5803908,11578128
36,sim_run,stateless(1.0),kernel_36,COMPLETED,36,11569338,11575338,17349558
37,sim_run,stateless(1.0),kernel_37,COMPLETED,37,11569338,11572338,11573733
38,sim_run,stateless(1.0),kernel_38,COMPLETED,38,11569338,11572338,11573733
39,sim_run,stateless(1.0),kernel_39,COMPLETED,39,11569338,11575338,17349558
40,sim_run,stateless(1.0),kernel_40,COMPLETED,40,11569338,11572338,11573733
41,sim_run,stateless(1.0),kernel_41,COMPLETED,41,11569338,11572338,11573733
42,sim_run,stateless(1.0),kernel_42,COMPLETED,42,11573733,11579733,17353953
43,sim_run,stateless(1.0),kernel_43,COMPLETED,43,11573733,11579733,17353953
44,sim_run,stateless(1.0),kernel_44,COMPLETED,44,11573733,11576733,11578128
45,sim_run,stateless(1.0),kernel_45,COMPLETED,45,11573733,11579733,17353953
46,sim_run,stateless(1.0),kernel_46,COMPLETED,46,11573733,11579733,17353953
47,sim_run,stateless(1.0),kernel_47,COMPLETED,47,11573733,11576733,11578128
48,sim_run,stateless(1.0),kernel_48,COMPLETED,48,11578128,11581128,11582523
49,sim_run,stateless(1.0),kernel_49,COMPLETED,49,11578128,11581128,11582523
50,sim_run,stateless(1.0),kernel_50,COMPLETED,50,11578128,11581128,11582523
51,sim_run,stateless(1.0),kernel_51,COMPLETED,51,11582523,11588523,17362743
52,sim_run,stateless(1.0),kernel_52,COMPLETED,52,11582523,11585523,11586918
53,sim_run,stateless(1.0),kernel_53,COMPLETED,53,11582523,11585523,11586918
54,sim_run,stateless(1.0),kernel_54,COMPLETED,54,11586918,11589918,11591313
55,sim_run,stateless(1.0),kernel_55,COMPLETED,55,11591313,11597313,23147358
56,sim_run,stateless(1.0),kernel_56,COMPLETED,56,17349558,17352558,17353953
57,sim_run,stateless(1.0),kernel_57,COMPLETED,57,17349558,17352558,17353953
58,sim_run,stateless(1.0),kernel_58,COMPLETED,58,17349558,17352558,17353953
59,sim_run,stateless(1.0),kernel_59,COMPLETED,59,17353953,17359953,23147358
60,sim_run,stateless(1.0),kernel_60,COMPLETED,60,17353953,17356953,17358348
61,sim_run,stateless(1.0),kernel_61,COMPLETED,61,17353953,17359953,23147358
62,sim_run,stateless(1.0),kernel_62,COMPLETED,62,17353953,17359953,23147358
63,sim_run,stateless(1.0),kernel_63,COMPLETED,63,17353953,17359953,23147358
64,sim_run,stateless(1.0),kernel_64,COMPLETED,64,17362743,17368743,23142963
65,sim_run,stateless(1.0),kernel_65,COMPLETED,65,17362743,17365743,17367138
66,sim_run,stateless(1.0),kernel_66,COMPLETED,66,17367138,17373138,23147358
67,sim_run,stateless(1.0),kernel_67,COMPLETED,67,17367138,17373138,23147358
68,sim_run,stateless(1.0),kernel_68,COMPLETED,68,23142963,23145963,23147358
69,sim_run,stateless(1.0),kernel_69,COMPLETED,69,23147358,23153358,28945158
70,sim_run,stateless(1.0),kernel_70,COMPLETED,70,23147358,23153358,28945158
71,sim_run,stateless(1.0),kernel_71,COMPLETED,71,23147358,23150358,23151753
72,sim_run,stateless(1.0),kernel_72,COMPLETED,72,23147358,23153358,28945158
73,sim_run,stateless(1.0),kernel_73,COMPLETED,73,23147358,23153358,28945158
74,sim_run,stateless(1.0),kernel_74,COMPLETED,74,23147358,23150358,23151753
75,sim_run,stateless(1.0),kernel_75,COMPLETED,75,23147358,23150358,23151753
76,sim_run,stateless(1.0),kernel_76,COMPLETED,76,23147358,23150358,23151753
77,sim_run,stateless(1.0),kernel_77,COMPLETED,77,23151753,23157753,28945158
78,sim_run,stateless(1.0),kernel_78,COMPLETED,78,23151753,23154753,23156148
79,sim_run,stateless(1.0),kernel_79,COMPLETED,79,23151753,23154753,23156148
80,sim_run,stateless(1.0),kernel_80,COMPLETED,80,23151753,23154753,23156148
81,sim_run,stateless(1.0),kernel_81,COMPLETED,81,23151753,23154753,23156148
82,sim_run,stateless(1.0),kernel_82,COMPLETED,82,23151753,23154753,23156148
83,sim_run,stateless(1.0),kernel_83,COMPLETED,83,23156148,23162148,28945158
84,sim_run,stateless(1.0),kernel_84,COMPLETED,84,23156148,23159148,23160543
85,sim_run,stateless(1.0),kernel_85,COMPLETED,85,23156148,23159148,23160543
86,sim_run,stateless(1.0),kernel_86,COMPLETED,86,23156148,23159148,23160543
87,sim_run,stateless(1.0),kernel_87,COMPLETED,87,23156148,23159148,23160543
88,sim_run,stateless(1.0),kernel_88,COMPLETED,88,23160543,23163543,23164938
89,sim_run,stateless(1.0),kernel_89,COMPLETED,89,23164938,23170938,28945158
90,sim_run,stateless(1.0),kernel_90,COMPLETED,90,23164938,23167938,23169333
91,sim_run,stateless(1.0),kernel_91,COMPLETED,91,23164938,23167938,23169333
92,sim_run,stateless(1.0),kernel_92,COMPLETED,92,28945158,28951158,34725378
93,sim_run,stateless(1.0),kernel_93,COMPLETED,93,28945158,28948158,28949553
94,sim_run,stateless(1.0),kernel_94,COMPLETED,94,28945158,28948158,28949553
95,sim_run,stateless(1.0),kernel_95,COMPLETED,95,28945158,28948158,28949553
96,sim_run,stateless(1.0),kernel_96,COMPLETED,96,28945158,28948158,28949553
97,sim_run,stateless(1.0),kernel_97,COMPLETED,97,28945158,28948158,28949553
98,sim_run,stateless(1.0),kernel_98,COMPLETED,98,28945158,28951158,34725378
99,sim_run,stateless(1.0),kernel_99,COMPLETED,99,28945158,28948158,28949553
100,sim_run,stateless(1.0),kernel_100,COMPLETED,100,28945158,28948158,28949553
101,sim_run,stateless(1.0),kernel_101,COMPLETED,101,28945158,28951158,34725378
102,sim_run,stateless(1.0),kernel_102,COMPLETED,102,28945158,28951158,34725378
103,sim_run,stateless(1.0),kernel_103,COMPLETED,103,28945158,28948158,28949553
104,sim_run,stateless(1.0),kernel_104,COMPLETED,104,28949553,28955553,34729773
105,sim_run,stateless(1.0),kernel_105,COMPLETED,105,28949553,28955553,34729773
106,sim_run,stateless(1.0),kernel_106,COMPLETED,106,28949553,28952553,28953948
107,sim_run,stateless(1.0),kernel_107,COMPLETED,107,34725378,34731378,40505598
108,sim_run,stateless(1.0),kernel_108,COMPLETED,108,34725378,34731378,40505598
109,sim_run,stateless(1.0),kernel_109,COMPLETED,109,34725378,34728378,34729773
110,sim_run,stateless(1.0),kernel_110,COMPLETED,110,34725378,34728378,34729773
111,sim_run,stateless(1.0),kernel_111,COMPLETED,111,34725378,34731378,40505598
112,sim_run,stateless(1.0),kernel_112,COMPLETED,112,34725378,34728378,34729773
113,sim_run,stateless(1.0),kernel_113,COMPLETED,113,34725378,34731378,40505598
114,sim_run,stateless(1.0),kernel_114,COMPLETED,114,34725378,34728378,34729773
115,sim_run,stateless(1.0),kernel_115,COMPLETED,115,34729773,34732773,34734168
116,sim_run,stateless(1.0),kernel_116,COMPLETED,116,34729773,34732773,34734168
117,sim_run,stateless(1.0),kernel_117,COMPLETED,117,34729773,34732773,34734168
118,sim_run,stateless(1.0),kernel_118,COMPLETED,118,34729773,34735773,40509993
119,sim_run,stateless(1.0),kernel_119,COMPLETED,119,34729773,34732773,34734168
120,sim_run,stateless(1.0),kernel_120,COMPLETED,120,34729773,34732773,34734168
121,sim_run,stateless(1.0),kernel_121,COMPLETED,121,34729773,34732773,34734168
122,sim_run,stateless(1.0),kernel_122,COMPLETED,122,34734168,34737168,34738563
123,sim_run,stateless(1.0),kernel_123,COMPLETED,123,34734168,34737168,34738563
124,sim_run,stateless(1.0),kernel_124,COMPLETED,124,34734168,34737168,34738563
125,sim_run,stateless(1.0),kernel_125,COMPLETED,125,34734168,34737168,34738563
126,sim_run,stateless(1.0),kernel_126,COMPLETED,126,34738563,34744563,40518783
127,sim_run,stateless(1.0),kernel_127,COMPLETED,127,40505598,40511598,46285818
0,sim_run,stateless(0.8),kernel_0,COMPLETED,0,100,3100,4495
1,sim_run,stateless(0.8),kernel_1,COMPLETED,1,101,6101,5789118
2,sim_run,stateless(0.8),kernel_2,COMPLETED,2,102,3102,4497
3,sim_run,stateless(0.8),kernel_3,COMPLETED,3,103,6103,5789118
4,sim_run,stateless(0.8),kernel_4,COMPLETED,4,104,6104,5789118
5,sim_run,stateless(0.8),kernel_5,COMPLETED,5,105,3105,4500
6,sim_run,stateless(0.8),kernel_6,COMPLETED,6,106,6106,5789118
7,sim_run,stateless(0.8),kernel_7,COMPLETED,7,107,6107,5789118
8,sim_run,stateless(0.8),kernel_8,COMPLETED,8,108,3108,4503
9,sim_run,stateless(0.8),kernel_9,COMPLETED,9,109,6109,5789118
10,sim_run,stateless(0.8),kernel_10,COMPLETED,10,4495,7495,8890
11,sim_run,stateless(0.8),kernel_11,COMPLETED,11,4497,7497,8892
12,sim_run,stateless(0.8),kernel_12,COMPLETED,12,4500,7500,8895
13,sim_run,stateless(0.8),kernel_13,COMPLETED,13,4503,7503,8898
14,sim_run,stateless(0.8),kernel_14,COMPLETED,14,8898,14898,5789118
15,sim_run,stateless(0.8),kernel_15,COMPLETED,15,8898,11898,13293
16,sim_run,stateless(0.8),kernel_16,COMPLETED,16,8898,11898,13293
17,sim_run,stateless(0.8),kernel_17,COMPLETED,17,13293,19293,5793513
18,sim_run,stateless(0.8),kernel_18,COMPLETED,18,5789118,5792118,5793513
19,sim_run,stateless(0.8),kernel_19,COMPLETED,19,5789118,5795118,11569338
20,sim_run,stateless(0.8),kernel_20,COMPLETED,20,5789118,5792118,5793513
21,sim_run,stateless(0.8),kernel_21,COMPLETED,21,5789118,5795118,11569338
22,sim_run,stateless(0.8),kernel_22,COMPLETED,22,5789118,5792118,5793513
23,sim_run,stateless(0.8),kernel_23,COMPLETED,23,5789118,5792118,5793513
24,sim_run,stateless(0.8),kernel_24,COMPLETED,24,5789118,5792118,5793513
25,sim_run,stateless(0.8),kernel_25,COMPLETED,25,5789118,5792118,5793513
26,sim_run,stateless(0.8),kernel_26,COMPLETED,26,5789118,5795118,11569338
27,sim_run,stateless(0.8),kernel_27,COMPLETED,27,5789118,5795118,11569338
28,sim_run,stateless(0.8),kernel_28,COMPLETED,28,5793513,5799513,11573733
29,sim_run,stateless(0.8),kernel_29,COMPLETED,29,5793513,5799513,11573733
30,sim_run,stateless(0.8),kernel_30,COMPLETED,30,5793513,5796513,5797908
31,sim_run,stateless(0.8),kernel_31,COMPLETED,31,5793513,5796513,5797908
32,sim_run,stateless(0.8),kernel_32,COMPLETED,32,5793513,5796513,5797908
33,sim_run,stateless(0.8),kernel_33,COMPLETED,33,5793513,5796513,5797908
34,sim_run,stateless(0.8),kernel_34,COMPLETED,34,5797908,5800908,5802303
35,sim_run,stateless(0.8),kernel_35,COMPLETED,35,5797908,5803908,11578128
36,sim_run,stateless(0.8),kernel_36,COMPLETED,36,11569338,11575338,17349558
37,sim_run,stateless(0.8),kernel_37,COMPLETED,37,11569338,11572338,11573733
38,sim_run,stateless(0.8),kernel_38,COMPLETED,38,11569338,11572338,11573733
39,sim_run,stateless(0.8),kernel_39,COMPLETED,39,11569338,11575338,17349558
40,sim_run,stateless(0.8),kernel_40,COMPLETED,40,11569338,11572338,11573733
41,sim_run,stateless(0.8),kernel_41,COMPLETED,41,11569338,11572338,11573733
42,sim_run,stateless(0.8),kernel_42,COMPLETED,42,11573733,11579733,17353953
43,sim_run,stateless(0.8),kernel_43,COMPLETED,43,11573733,11579733,17353953
44,sim_run,stateless(0.8),kernel_44,COMPLETED,44,11573733,11576733,11578128
45,sim_run,stateless(0.8),kernel_45,COMPLETED,45,11573733,11579733,17353953
46,sim_run,stateless(0.8),kernel_46,COMPLETED,46,11573733,11579733,17353953
47,sim_run,stateless(0.8),kernel_47,COMPLETED,47,11573733,11576733,11578128
48,sim_run,stateless(0.8),kernel_48,COMPLETED,48,11578128,11581128,11582523
49,sim_run,stateless(0.8),kernel_49,COMPLETED,49,11578128,11581128,11582523
50,sim_run,stateless(0.8),kernel_50,COMPLETED,50,11578128,11581128,11582523
51,sim_run,stateless(0.8),kernel_51,COMPLETED,51,11582523,11588523,17362743
52,sim_run,stateless(0.8),kernel_52,COMPLETED,52,11582523,11585523,11586918
53,sim_run,stateless(0.8),kernel_53,COMPLETED,53,11582523,11585523,11586918
54,sim_run,stateless(0.8),kernel_54,COMPLETED,54,11586918,11589918,11591313
55,sim_run,stateless(0.8),kernel_55,COMPLETED,55,11591313,11597313,17371533
56,sim_run,stateless(0.8),kernel_56,COMPLETED,56,17349558,17352558,17353953
57,sim_run,stateless(0.8),kernel_57,COMPLETED,57,17349558,17352558,17353953
58,sim_run,stateless(0.8),kernel_58,COMPLETED,58,17349558,17352558,17353953
59,sim_run,stateless(0.8),kernel_59,COMPLETED,59,17353953,17359953,23147358
60,sim_run,stateless(0.8),kernel_60,COMPLETED,60,17353953,17356953,17358348
61,sim_run,stateless(0.8),kernel_61,COMPLETED,61,17353953,17359953,23147358
62,sim_run,stateless(0.8),kernel_62,COMPLETED,62,17353953,17359953,23147358
63,sim_run,stateless(0.8),kernel_63,COMPLETED,63,17353953,17359953,23147358
64,sim_run,stateless(0.8),kernel_64,COMPLETED,64,17362743,17368743,23142963
65,sim_run,stateless(0.8),kernel_65,COMPLETED,65,17362743,17365743,17367138
66,sim_run,stateless(0.8),kernel_66,COMPLETED,66,17367138,17373138,23147358
67,sim_run,stateless(0.8),kernel_67,COMPLETED,67,17367138,17373138,23147358
68,sim_run,stateless(0.8),kernel_68,COMPLETED,68,17371533,17374533,17375928
69,sim_run,stateless(0.8),kernel_69,COMPLETED,69,17375928,17381928,23156148
70,sim_run,stateless(0.8),kernel_70,COMPLETED,70,23142963,23148963,28923183
71,sim_run,stateless(0.8),kernel_71,COMPLETED,71,23147358,23150358,23151753
72,sim_run,stateless(0.8),kernel_72,COMPLETED,72,23147358,23153358,28927578
73,sim_run,stateless(0.8),kernel_73,COMPLETED,73,23147358,23153358,28927578
74,sim_run,stateless(0.8),kernel_74,COMPLETED,74,23147358,23150358,23151753
75,sim_run,stateless(0.8),kernel_75,COMPLETED,75,23147358,23150358,23151753
76,sim_run,stateless(0.8),kernel_76,COMPLETED,76,23147358,23150358,23151753
77,sim_run,stateless(0.8),kernel_77,COMPLETED,77,23147358,23153358,28927578
78,sim_run,stateless(0.8),kernel_78,COMPLETED,78,23147358,23150358,23151753
79,sim_run,stateless(0.8),kernel_79,COMPLETED,79,23147358,23150358,23151753
80,sim_run,stateless(0.8),kernel_80,COMPLETED,80,23151753,23154753,23156148
81,sim_run,stateless(0.8),kernel_81,COMPLETED,81,23151753,23154753,23156148
82,sim_run,stateless(0.8),kernel_82,COMPLETED,82,23151753,23154753,23156148
83,sim_run,stateless(0.8),kernel_83,COMPLETED,83,23151753,23157753,28931973
84,sim_run,stateless(0.8),kernel_84,COMPLETED,84,23151753,23154753,23156148
85,sim_run,stateless(0.8),kernel_85,COMPLETED,85,23156148,23159148,23160543
86,sim_run,stateless(0.8),kernel_86,COMPLETED,86,23156148,23159148,23160543
87,sim_run,stateless(0.8),kernel_87,COMPLETED,87,23156148,23159148,23160543
88,sim_run,stateless(0.8),kernel_88,COMPLETED,88,23156148,23159148,23160543
89,sim_run,stateless(0.8),kernel_89,COMPLETED,89,23160543,23166543,28940763
90,sim_run,stateless(0.8),kernel_90,COMPLETED,90,23160543,23163543,23164938
91,sim_run,stateless(0.8),kernel_91,COMPLETED,91,23160543,23163543,23164938
92,sim_run,stateless(0.8),kernel_92,COMPLETED,92,23164938,23170938,28945158
93,sim_run,stateless(0.8),kernel_93,COMPLETED,93,23164938,23167938,23169333
94,sim_run,stateless(0.8),kernel_94,COMPLETED,94,23164938,23167938,23169333
95,sim_run,stateless(0.8),kernel_95,COMPLETED,95,23169333,23172333,23173728
96,sim_run,stateless(0.8),kernel_96,COMPLETED,96,23169333,23172333,23173728
97,sim_run,stateless(0.8),kernel_97,COMPLETED,97,23173728,23176728,23178123
98,sim_run,stateless(0.8),kernel_98,COMPLETED,98,28923183,28929183,34703403
99,sim_run,stateless(0.8),kernel_99,COMPLETED,99,28923183,28926183,28927578
100,sim_run,stateless(0.8),kernel_100,COMPLETED,100,28923183,28926183,28927578
101,sim_run,stateless(0.8),kernel_101,COMPLETED,101,28927578,28933578,34707798
102,sim_run,stateless(0.8),kernel_102,COMPLETED,102,28927578,28933578,34707798
103,sim_run,stateless(0.8),kernel_103,COMPLETED,103,28927578,28930578,28931973
104,sim_run,stateless(0.8),kernel_104,COMPLETED,104,28927578,28933578,34707798
105,sim_run,stateless(0.8),kernel_105,COMPLETED,105,28931973,28937973,34712193
106,sim_run,stateless(0.8),kernel_106,COMPLETED,106,28931973,28934973,28936368
107,sim_run,stateless(0.8),kernel_107,COMPLETED,107,28936368,28942368,34716588
108,sim_run,stateless(0.8),kernel_108,COMPLETED,108,28945158,28951158,34725378
109,sim_run,stateless(0.8),kernel_109,COMPLETED,109,28945158,28948158,28949553
110,sim_run,stateless(0.8),kernel_110,COMPLETED,110,28945158,28948158,28949553
111,sim_run,stateless(0.8),kernel_111,COMPLETED,111,34703403,34709403,40483623
112,sim_run,stateless(0.8),kernel_112,COMPLETED,112,34703403,34706403,34707798
113,sim_run,stateless(0.8),kernel_113,COMPLETED,113,34707798,34713798,40488018
114,sim_run,stateless(0.8),kernel_114,COMPLETED,114,34707798,34710798,34712193
115,sim_run,stateless(0.8),kernel_115,COMPLETED,115,34707798,34710798,34712193
116,sim_run,stateless(0.8),kernel_116,COMPLETED,116,34707798,34710798,34712193
117,sim_run,stateless(0.8),kernel_117,COMPLETED,117,34707798,34710798,34712193
118,sim_run,stateless(0.8),kernel_118,COMPLETED,118,34707798,34713798,40488018
119,sim_run,stateless(0.8),kernel_119,COMPLETED,119,34712193,34715193,34716588
120,sim_run,stateless(0.8),kernel_120,COMPLETED,120,34712193,34715193,34716588
121,sim_run,stateless(0.8),kernel_121,COMPLETED,121,34712193,34715193,34716588
122,sim_run,stateless(0.8),kernel_122,COMPLETED,122,34712193,34715193,34716588
123,sim_run,stateless(0.8),kernel_123,COMPLETED,123,34712193,34715193,34716588
124,sim_run,stateless(0.8),kernel_124,COMPLETED,124,34712193,34715193,34716588
125,sim_run,stateless(0.8),kernel_125,COMPLETED,125,34716588,34719588,34720983
126,sim_run,stateless(0.8),kernel_126,COMPLETED,126,34716588,34722588,40496808
127,sim_run,stateless(0.8),kernel_127,COMPLETED,127,34716588,34722588,40496808
0,sim_run,stateful,kernel_0,COMPLETED,0,100,3100,4495
1,sim_run,stateful,kernel_1,COMPLETED,1,101,6101,5792381
2,sim_run,stateful,kernel_2,COMPLETED,2,102,3102,4497
3,sim_run,stateful,kernel_3,COMPLETED,3,103,6103,5792383
4,sim_run,stateful,kernel_4,COMPLETED,4,104,6104,5792384
5,sim_run,stateful,kernel_5,COMPLETED,5,105,3105,4500
6,sim_run,stateful,kernel_6,COMPLETED,6,106,6106,5792386
7,sim_run,stateful,kernel_7,COMPLETED,7,107,6107,5792387
8,sim_run,stateful,kernel_8,COMPLETED,8,108,3108,4503
9,sim_run,stateful,kernel_9,COMPLETED,9,109,6109,5792389
10,sim_run,stateful,kernel_10,COMPLETED,10,4495,7495,8890
11,sim_run,stateful,kernel_11,COMPLETED,11,4497,7497,8892
12,sim_run,stateful,kernel_12,COMPLETED,12,4500,7500,8895
13,sim_run,stateful,kernel_13,COMPLETED,13,4503,7503,8898
14,sim_run,stateful,kernel_14,COMPLETED,14,8898,14898,5789118
15,sim_run,stateful,kernel_15,COMPLETED,15,8898,11898,13293
16,sim_run,stateful,kernel_16,COMPLETED,16,8898,11898,13293
17,sim_run,stateful,kernel_17,COMPLETED,17,13293,19293,5793513
18,sim_run,stateful,kernel_18,COMPLETED,18,5789118,5792118,5793513
19,sim_run,stateful,kernel_19,COMPLETED,19,5792383,5798383,11572603
20,sim_run,stateful,kernel_20,COMPLETED,20,5792383,5795383,5796778
21,sim_run,stateful,kernel_21,COMPLETED,21,5792386,5798386,11572606
22,sim_run,stateful,kernel_22,COMPLETED,22,5792386,5795386,5796781
23,sim_run,stateful,kernel_23,COMPLETED,23,5792386,5795386,5796781
24,sim_run,stateful,kernel_24,COMPLETED,24,5792386,5795386,5796781
25,sim_run,stateful,kernel_25,COMPLETED,25,5792386,5795386,5796781
26,sim_run,stateful,kernel_26,COMPLETED,26,5792387,5798387,11572607
27,sim_run,stateful,kernel_27,COMPLETED,27,5792389,5798389,11572609
28,sim_run,stateful,kernel_28,COMPLETED,28,5793513,5799513,11573733
29,sim_run,stateful,kernel_29,COMPLETED,29,5796781,5802781,11577001
30,sim_run,stateful,kernel_30,COMPLETED,30,5796781,5799781,5801176
31,sim_run,stateful,kernel_31,COMPLETED,31,5796781,5799781,5801176
32,sim_run,stateful,kernel_32,COMPLETED,32,5796781,5799781,5801176
33,sim_run,stateful,kernel_33,COMPLETED,33,5796781,5799781,5801176
34,sim_run,stateful,kernel_34,COMPLETED,34,5801176,5804176,5805571
35,sim_run,stateful,kernel_35,COMPLETED,35,5801176,5807176,11581396
36,sim_run,stateful,kernel_36,COMPLETED,36,5805571,5811571,11585791
37,sim_run,stateful,kernel_37,COMPLETED,37,11572603,11575603,11576998
38,sim_run,stateful,kernel_38,COMPLETED,38,11572603,11575603,11576998
39,sim_run,stateful,kernel_39,COMPLETED,39,11572606,11578606,17352826
40,sim_run,stateful,kernel_40,COMPLETED,40,11572607,11575607,11577002
41,sim_run,stateful,kernel_41,COMPLETED,41,11572607,11575607,11577002
42,sim_run,stateful,kernel_42,COMPLETED,42,11573733,11579733,17353953
43,sim_run,stateful,kernel_43,COMPLETED,43,11573733,11579733,17353953
44,sim_run,stateful,kernel_44,COMPLETED,44,11576998,11579998,11581393
45,sim_run,stateful,kernel_45,COMPLETED,45,11577002,11583002,17357222
46,sim_run,stateful,kernel_46,COMPLETED,46,11577002,11583002,17357222
47,sim_run,stateful,kernel_47,COMPLETED,47,11577002,11580002,11581397
48,sim_run,stateful,kernel_48,COMPLETED,48,11581393,11584393,11585788
49,sim_run,stateful,kernel_49,COMPLETED,49,11581396,11584396,11585791
50,sim_run,stateful,kernel_50,COMPLETED,50,11581396,11584396,11585791
51,sim_run,stateful,kernel_51,COMPLETED,51,11585791,11591791,17366011
52,sim_run,stateful,kernel_52,COMPLETED,52,11585791,11588791,11590186
53,sim_run,stateful,kernel_53,COMPLETED,53,11585791,11588791,11590186
54,sim_run,stateful,kernel_54,COMPLETED,54,11585791,11588791,11590186
55,sim_run,stateful,kernel_55,COMPLETED,55,11590186,11596186,17370406
56,sim_run,stateful,kernel_56,COMPLETED,56,11590186,11593186,11594581
57,sim_run,stateful,kernel_57,COMPLETED,57,11590186,11593186,11594581
58,sim_run,stateful,kernel_58,COMPLETED,58,11594581,11597581,11598976
59,sim_run,stateful,kernel_59,COMPLETED,59,11598976,11604976,17391256
60,sim_run,stateful,kernel_60,COMPLETED,60,17352826,17355826,17357221
61,sim_run,stateful,kernel_61,COMPLETED,61,17353953,17359953,23146233
62,sim_run,stateful,kernel_62,COMPLETED,62,17353953,17359953,23146233
63,sim_run,stateful,kernel_63,COMPLETED,63,17357222,17363222,23149502
64,sim_run,stateful,kernel_64,COMPLETED,64,17366011,17372011,23146231
65,sim_run,stateful,kernel_65,COMPLETED,65,17366011,17369011,17370406
66,sim_run,stateful,kernel_66,COMPLETED,66,17370406,17376406,23150626
67,sim_run,stateful,kernel_67,COMPLETED,67,17370406,17376406,23150626
68,sim_run,stateful,kernel_68,COMPLETED,68,17370406,17373406,17374801
69,sim_run,stateful,kernel_69,COMPLETED,69,17374801,17380801,23155021
70,sim_run,stateful,kernel_70,COMPLETED,70,23146231,23152231,28938511
71,sim_run,stateful,kernel_71,COMPLETED,71,23146231,23149231,23150626
72,sim_run,stateful,kernel_72,COMPLETED,72,23146233,23152233,28938513
73,sim_run,stateful,kernel_73,COMPLETED,73,23146233,23152233,28938513
74,sim_run,stateful,kernel_74,COMPLETED,74,23146233,23149233,23150628
75,sim_run,stateful,kernel_75,COMPLETED,75,23149502,23152502,23153897
76,sim_run,stateful,kernel_76,COMPLETED,76,23149502,23152502,23153897
77,sim_run,stateful,kernel_77,COMPLETED,77,23150626,23156626,28942906
78,sim_run,stateful,kernel_78,COMPLETED,78,23150626,23153626,23155021
79,sim_run,stateful,kernel_79,COMPLETED,79,23150626,23153626,23155021
80,sim_run,stateful,kernel_80,COMPLETED,80,23150626,23153626,23155021
81,sim_run,stateful,kernel_81,COMPLETED,81,23150628,23153628,23155023
82,sim_run,stateful,kernel_82,COMPLETED,82,23153897,23156897,23158292
83,sim_run,stateful,kernel_83,COMPLETED,83,23155021,23161021,28947301
84,sim_run,stateful,kernel_84,COMPLETED,84,23155021,23158021,23159416
85,sim_run,stateful,kernel_85,COMPLETED,85,23155021,23158021,23159416
86,sim_run,stateful,kernel_86,COMPLETED,86,23155021,23158021,23159416
87,sim_run,stateful,kernel_87,COMPLETED,87,23155021,23158021,23159416
88,sim_run,stateful,kernel_88,COMPLETED,88,23155023,23158023,23159418
89,sim_run,stateful,kernel_89,COMPLETED,89,23159416,23165416,28939636
90,sim_run,stateful,kernel_90,COMPLETED,90,23159416,23162416,23163811
91,sim_run,stateful,kernel_91,COMPLETED,91,23159416,23162416,23163811
92,sim_run,stateful,kernel_92,COMPLETED,92,23163811,23169811,28944031
93,sim_run,stateful,kernel_93,COMPLETED,93,23163811,23166811,23168206
94,sim_run,stateful,kernel_94,COMPLETED,94,23163811,23166811,23168206
95,sim_run,stateful,kernel_95,COMPLETED,95,23168206,23171206,23172601
96,sim_run,stateful,kernel_96,COMPLETED,96,23168206,23171206,23172601
97,sim_run,stateful,kernel_97,COMPLETED,97,23172601,23175601,23176996
98,sim_run,stateful,kernel_98,COMPLETED,98,28938511,28944511,34718731
99,sim_run,stateful,kernel_99,COMPLETED,99,28938511,28941511,28942906
100,sim_run,stateful,kernel_100,COMPLETED,100,28938511,28941511,28942906
101,sim_run,stateful,kernel_101,COMPLETED,101,28938513,28944513,34730793
102,sim_run,stateful,kernel_102,COMPLETED,102,28939636,28945636,34731916
103,sim_run,stateful,kernel_103,COMPLETED,103,28939636,28942636,28944031
104,sim_run,stateful,kernel_104,COMPLETED,104,28942906,28948906,34735186
105,sim_run,stateful,kernel_105,COMPLETED,105,28944031,28950031,34736311
106,sim_run,stateful,kernel_106,COMPLETED,106,28944031,28947031,28948426
107,sim_run,stateful,kernel_107,COMPLETED,107,28947301,28953301,34739581
108,sim_run,stateful,kernel_108,COMPLETED,108,28947301,28953301,34739581
109,sim_run,stateful,kernel_109,COMPLETED,109,28947301,28950301,28951696
110,sim_run,stateful,kernel_110,COMPLETED,110,28948426,28951426,28952821
111,sim_run,stateful,kernel_111,COMPLETED,111,34718731,34724731,40498951
112,sim_run,stateful,kernel_112,COMPLETED,112,34718731,34721731,34723126
113,sim_run,stateful,kernel_113,COMPLETED,113,34731916,34737916,40512136
114,sim_run,stateful,kernel_114,COMPLETED,114,34731916,34734916,34736311
115,sim_run,stateful,kernel_115,COMPLETED,115,34731916,34734916,34736311
116,sim_run,stateful,kernel_116,COMPLETED,116,34731916,34734916,34736311
117,sim_run,stateful,kernel_117,COMPLETED,117,34731916,34734916,34736311
118,sim_run,stateful,kernel_118,COMPLETED,118,34735186,34741186,40515406
119,sim_run,stateful,kernel_119,COMPLETED,119,34736311,34739311,34740706
120,sim_run,stateful,kernel_120,COMPLETED,120,34736311,34739311,34740706
121,sim_run,stateful,kernel_121,COMPLETED,121,34736311,34739311,34740706
122,sim_run,stateful,kernel_122,COMPLETED,122,34736311,34739311,34740706
123,sim_run,stateful,kernel_123,COMPLETED,123,34736311,34739311,34740706
124,sim_run,stateful,kernel_124,COMPLETED,124,34736311,34739311,34740706
125,sim_run,stateful,kernel_125,COMPLETED,125,34739581,34742581,34743976
126,sim_run,stateful,kernel_126,COMPLETED,126,34740706,34746706,40520926
127,sim_run,stateful,kernel_127,COMPLETED,127,34740706,34746706,40520926
